{"system_type": "Traditional", "time_points": ["09:00", "09:02", "09:04", "09:06", "09:08", "09:10", "09:12", "09:14", "09:16", "09:18", "09:20", "09:22", "09:24", "09:26", "09:28", "09:30", "09:32", "09:34", "09:36", "09:38", "09:40", "09:42", "09:44", "09:46", "09:48", "09:50", "09:52", "09:54", "09:56", "09:58", "10:00", "10:02", "10:04", "10:06", "10:08", "10:10", "10:12", "10:14", "10:16", "10:18", "10:20", "10:22", "10:24", "10:26", "10:28", "10:30", "10:32", "10:34", "10:36", "10:38", "10:40", "10:42", "10:44", "10:46", "10:48", "10:50", "10:52", "10:54", "10:56", "10:58"], "queue_lengths": [0, 0, 0, 0, 0, 0, 0, 0, 0, 0, 1, 2, 5, 10, 23, 31, 35, 42, 46, 45, 44, 46, 46, 46, 43, 35, 31, 30, 28, 27, 24, 21, 19, 17, 16, 15, 14, 12, 13, 13, 13, 11, 10, 9, 8, 7, 4, 5, 4, 4, 2, 2, 3, 3, 4, 3, 3, 1, 1, 0], "teller_counts": [12, 12, 12, 12, 12, 12, 12, 12, 12, 12, 12, 12, 12, 12, 12, 12, 12, 12, 12, 12, 12, 12, 12, 12, 12, 12, 12, 12, 12, 12, 12, 12, 12, 12, 12, 12, 12, 12, 12, 12, 12, 12, 12, 12, 12, 12, 12, 12, 12, 12, 12, 12, 12, 12, 12, 12, 12, 12, 12, 12], "anger_levels": [0.0, 0.0, 0.0, 0.0, 0.0, 0.0, 0.0, 0.0, 0.0, 0.0, 0.06, 0.0894, 0.103806, 0.11086494, 0.11432382059999999, 0.320018672094, 0.6248091493260599, 0.7741564831697694, 1.0513366767531869, 1.1871549716090615, 1.45770593608844, 1.6922759086833352, 1.9092151952548342, 2.2195154456748685, 2.5755625683806853, 2.8940256585065356, 3.1100725726682024, 3.419935560607419, 3.571768424697635, 3.6461665281018405, 3.886621598769902, 4.148444583397252, 4.336737845864652, 4.633001544473679, 4.982170756792103, 5.35726367082813, 5.625059198705783, 5.2642790073658325, 4.883496713609258, 4.576913389668536, 4.546687560937583, 4.1118769048594155, 2.8308196833811134, 2.3051016448567454, 2.209499805979805, 2.3666549049301047, 2.647660903415751, 1.7653538426737179, 2.7610233829101216, 1.8209014576259592, 1.5642417142367198, 1.1144784399759926, 0.7080944355882363, 0.6109662734382357, 0.7673734739847354, 0.8440130022525203, 0.8815663711037349, 1.10396752184083, 1.4169440857020066, 1.114302601993983], "served_counts": [0, 2, 2, 3, 3, 4, 4, 4, 4, 4, 5, 6, 6, 6, 7, 7, 7, 9, 9, 10, 11, 12, 13, 14, 15, 16, 17, 19, 20, 21, 21, 23, 25, 26, 26, 27, 28, 28, 28, 29, 30, 32, 33, 33, 33, 35, 36, 36, 37, 38, 39, 40, 41, 41, 41, 42, 42, 44, 44, 46], "reneged_counts": [0, 0, 0, 0, 0, 0, 0, 0, 0, 0, 0, 0, 0, 2, 3, 7, 11, 12, 15, 21, 25, 27, 28, 32, 34, 42, 46, 47, 49, 52, 55, 57, 57, 58, 59, 59, 60, 62, 62, 63, 63, 64, 65, 66, 67, 67, 69, 71, 71, 71, 72, 72, 72, 72, 73, 73, 73, 73, 73, 73], "wait_times": [0, 0.4500000000000004, 0.4500000000000004, 0.3333333333333311, 0.3333333333333311, 0.2749999999999938, 0.2749999999999938, 0.2749999999999938, 0.2749999999999938, 0.2999999999999924, 0.5361995908185127, 0.8584294166424989, 0.8584294166424989, 0.8584294166424989, 1.6600221493739178, 1.6600221493739178, 1.6600221493739178, 3.4393543785747633, 3.4393543785747633, 4.319209597169655, 5.242544364448877, 6.226352661482181, 7.064619859804072, 7.847769343114765, 8.689706206510547, 9.628344065471987, 10.509791655197064, 12.274381421329188, 12.999424968764696, 13.736935083979048, 13.736935083979048, 15.39781333345793, 16.892687806713415, 17.57275340156107, 17.57275340156107, 18.299992982142452, 19.0314693217984, 19.0314693217984, 19.0314693217984, 19.71678302354598, 20.39604612186918, 21.682787468654297, 21.96267967910058, 21.96267967910058, 21.96267967910058, 22.50943474618274, 22.465256010607778, 22.465256010607778, 22.434581600459754, 22.37728997115881, 21.986544599802148, 21.638601887668536, 21.292347153595752, 21.292347153595752, 21.292347153595752, 21.015289085859784, 21.015289085859784, 20.46826673052799, 20.46826673052799, 19.799947625639298], "current_time": "10:58", "current_queue": 0, "current_tellers": 12, "current_anger": 1.114302601993983, "current_avg_wait": 19.799947625639298, "total_served": 46, "total_reneged": 73, "total_arrivals": 119, "total_labor_cost": 599.9999999999994, "total_wait_time": 910.7975907794076, "teller_hours": 23.99999999999998, "is_running": false, "is_complete": true}