{"system_type": "Dynamic (Ours)", "time_points": ["09:00", "09:02", "09:04", "09:06", "09:08", "09:10", "09:12", "09:14", "09:16", "09:18", "09:20", "09:22", "09:24", "09:26", "09:28", "09:30", "09:32", "09:34", "09:36", "09:38", "09:40", "09:42", "09:44", "09:46", "09:48", "09:50", "09:52", "09:54", "09:56", "09:58", "10:00", "10:02", "10:04", "10:06", "10:08", "10:10", "10:12", "10:14", "10:16", "10:18", "10:20", "10:22", "10:24", "10:26", "10:28", "10:30", "10:32", "10:34", "10:36", "10:38", "10:40", "10:42", "10:44", "10:46", "10:48", "10:50", "10:52", "10:54", "10:56", "10:58"], "queue_lengths": [0, 0, 0, 0, 0, 0, 0, 1, 0, 1, 2, 2, 1, 4, 8, 11, 17, 17, 24, 30, 27, 27, 26, 25, 28, 24, 19, 20, 20, 15, 16, 17, 15, 14, 15, 13, 11, 13, 11, 9, 8, 5, 5, 4, 4, 4, 2, 1, 0, 0, 0, 0, 0, 0, 0, 2, 2, 0, 0, 0], "teller_counts": [4, 4, 4, 3, 4, 3, 4, 4, 4, 4, 5, 5, 5, 6, 7, 8, 9, 10, 11, 12, 13, 14, 15, 16, 17, 18, 19, 20, 21, 22, 23, 24, 25, 26, 27, 28, 29, 30, 31, 32, 33, 33, 33, 32, 32, 32, 31, 31, 31, 30, 30, 30, 29, 29, 29, 28, 28, 28, 27, 27], "anger_levels": [0.0, 0.0, 0.0, 0.0, 0.0, 0.06, 0.029399999999999996, 0.074406, 0.07845893999999999, 0.09844488059999998, 0.10823799149399999, 0.23303661583205998, 0.31818794175770937, 0.21591209146127757, 0.16579692481602598, 0.3452404931598527, 0.4331678416483278, 0.5182522424076805, 0.7219435987797634, 0.6177523634020841, 0.7706986580670211, 1.0496423424528403, 1.3903247478018916, 1.5572591264229267, 1.843056971947234, 2.1870979162541446, 2.5596779789645305, 2.9462422096926195, 3.3396586827493833, 3.4124327545471975, 3.364092049728127, 3.238405104366782, 3.0388185011397226, 2.689021065558464, 2.193620322123647, 2.094873957840587, 2.1064882393418873, 2.2141792372775244, 2.452947826265987, 2.689944434870333, 2.686072773086463, 2.702175658812367, 2.8120660728180598, 2.9679123756808488, 2.762277064083616, 2.7395157614009715, 2.9323627230864755, 3.050857734312373, 2.1669202898130626, 1.0617909420084006, 0.5202775615841162, 0.2549360051762169, 0.12491864253634627, 0.06121013484280967, 0.02999296607297673, 0.07469655337575859, 0.2406013111541217, 0.2618946424655196, 0.12832837480810458, 0.06288090365597124], "served_counts": [0, 0, 1, 1, 1, 3, 3, 4, 6, 6, 6, 7, 9, 10, 11, 13, 15, 16, 17, 17, 19, 19, 20, 21, 22, 23, 23, 24, 24, 25, 25, 26, 29, 29, 29, 30, 31, 31, 32, 34, 36, 38, 38, 38, 39, 39, 40, 41, 42, 42, 43, 43, 44, 44, 44, 44, 45, 47, 48, 48], "reneged_counts": [0, 0, 0, 0, 0, 0, 0, 0, 1, 1, 2, 4, 4, 4, 6, 7, 7, 7, 11, 15, 16, 19, 23, 25, 25, 28, 33, 33, 34, 38, 39, 40, 41, 42, 42, 44, 45, 46, 47, 47, 47, 48, 48, 49, 49, 49, 50, 50, 51, 51, 51, 51, 51, 51, 51, 51, 51, 52, 52, 52], "wait_times": [0, 0, 1.7763568394002505e-15, 1.7763568394002505e-15, 1.7763568394002505e-15, 0.9950653237300179, 0.9950653237300179, 1.1077555894749245, 1.1294747907682234, 1.1379269196343371, 1.1379269196343371, 1.4658992534538846, 1.9848033459882046, 2.1056033431457495, 2.105331354026653, 2.585619883810634, 2.9386338653459014, 3.1794344929446265, 3.5711381977630805, 3.5711381977630805, 4.615436111619195, 4.615436111619195, 5.123597756372306, 5.669393193488308, 6.143387675568463, 6.700422157720396, 6.700422157720396, 7.409179778140498, 7.409179778140498, 8.054515201767254, 8.054515201767254, 8.789912574840958, 10.81232780168507, 10.81232780168507, 10.81232780168507, 11.57603331478654, 12.319499762526625, 12.319499762526625, 13.014364431370657, 13.827169316126929, 14.097992490086275, 14.409696994287575, 14.409696994287575, 14.409696994287575, 14.670083378136987, 14.670083378136987, 14.915821202295376, 15.063518156857233, 14.704862962646345, 14.704862962646345, 14.363029772976313, 14.363029772976313, 14.036845509802346, 14.036845509802346, 14.036845509802346, 14.037204795707085, 13.788134669054198, 13.31982529862379, 13.042328938235796, 13.042328938235796], "current_time": "10:58", "current_queue": 0, "current_tellers": 27, "current_anger": 0.06288090365597124, "current_avg_wait": 13.042328938235796, "total_served": 48, "total_reneged": 52, "total_arrivals": 100, "total_labor_cost": 974.1666666666664, "total_wait_time": 626.0317890353182, "teller_hours": 38.966666666666654, "is_running": false, "is_complete": true}