{"system_type": "Traditional", "time_points": ["09:00", "09:02", "09:04", "09:06", "09:08", "09:10", "09:12", "09:14", "09:16", "09:18", "09:20", "09:22", "09:24", "09:26", "09:28", "09:30", "09:32", "09:34", "09:36", "09:38", "09:40", "09:42", "09:44", "09:46", "09:48", "09:50", "09:52", "09:54", "09:56", "09:58", "10:00", "10:02", "10:04", "10:06", "10:08", "10:10", "10:12", "10:14", "10:16", "10:18", "10:20", "10:22", "10:24", "10:26", "10:28", "10:30", "10:32", "10:34", "10:36", "10:38", "10:40", "10:42", "10:44", "10:46", "10:48", "10:50", "10:52", "10:54", "10:56", "10:58"], "queue_lengths": [0, 0, 0, 0, 0, 0, 0, 0, 0, 0, 1, 2, 5, 10, 23, 31, 35, 42, 44, 44, 45, 45, 46, 43, 45, 37, 32, 29, 27, 24, 22, 18, 17, 17, 15, 14, 14, 14, 11, 13, 11, 9, 13, 11, 10, 9, 6, 4, 2, 2, 0, 0, 0, 0, 0, 0, 0, 0, 0, 0], "teller_counts": [8, 8, 8, 8, 8, 8, 8, 8, 8, 8, 8, 8, 8, 8, 8, 8, 8, 8, 8, 8, 8, 8, 8, 8, 8, 8, 8, 8, 8, 8, 8, 8, 8, 8, 8, 8, 8, 8, 8, 8, 8, 8, 8, 8, 8, 8, 8, 8, 8, 8, 8, 8, 8, 8, 8, 8, 8, 8, 8, 8], "anger_levels": [0.0, 0.0, 0.0, 0.0, 0.0, 0.0, 0.0, 0.0, 0.0, 0.0, 0.06, 0.0894, 0.103806, 0.11086494, 0.11432382059999999, 0.320018672094, 0.6248091493260599, 0.7741564831697694, 1.0513366767531869, 1.2291549716090615, 1.4782859360884402, 1.7623601086833358, 1.9435564532548346, 2.2363426620948688, 2.5838079044264854, 2.898065873168978, 3.154052277852799, 3.4414856161478715, 3.7863279519124564, 3.955300696437103, 4.30209734125418, 4.412027697214548, 4.261893571635128, 4.290327850101212, 4.550260646549594, 4.941627716809301, 5.133397581236558, 5.3293648148059125, 5.5273887592548965, 4.8204204920348985, 4.2580060410971, 3.8864229601375784, 2.576347250467413, 2.1384101527290325, 2.127820974837226, 2.3266322776702406, 2.6280498160584176, 2.6557444098686243, 2.2253147608356256, 1.6604042328094564, 1.4075980740766334, 0.6897230562975503, 0.3379642975857996, 0.16560250581704178, 0.08114522785035047, 0.039761161646671726, 0.019482969206869143, 0.009546654911365879, 0.06467786090656928, 0.031692151844218946], "served_counts": [0, 2, 2, 3, 3, 4, 4, 4, 4, 4, 5, 6, 6, 6, 7, 7, 7, 9, 9, 10, 11, 12, 13, 14, 15, 16, 17, 18, 20, 21, 21, 23, 25, 26, 26, 27, 28, 28, 28, 29, 30, 32, 32, 33, 33, 33, 35, 37, 39, 39, 40, 41, 42, 42, 42, 42, 42, 42, 43, 43], "reneged_counts": [0, 0, 0, 0, 0, 0, 0, 0, 0, 0, 0, 0, 0, 2, 3, 7, 11, 12, 16, 19, 20, 23, 25, 28, 28, 36, 41, 43, 43, 46, 48, 53, 53, 55, 57, 57, 57, 57, 60, 61, 62, 63, 63, 64, 65, 67, 69, 69, 70, 70, 71, 71, 71, 71, 71, 71, 71, 71, 71, 71], "current_time": "10:58", "current_queue": 0, "current_tellers": 8, "current_anger": 0.031692151844218946, "total_served": 43, "total_reneged": 71, "total_arrivals": 115, "total_labor_cost": 400.0000000000005, "teller_hours": 16.00000000000002, "is_running": false, "is_complete": true}