{"system_type": "Traditional", "time_points": ["09:00", "09:02", "09:04", "09:06", "09:08", "09:10", "09:12", "09:14", "09:16", "09:18", "09:20", "09:22", "09:24", "09:26", "09:28", "09:30", "09:32", "09:34", "09:36", "09:38", "09:40", "09:42", "09:44", "09:46", "09:48", "09:50", "09:52", "09:54", "09:56", "09:58", "10:00", "10:02", "10:04", "10:06", "10:08", "10:10", "10:12", "10:14", "10:16", "10:18", "10:20", "10:22", "10:24", "10:26", "10:28", "10:30", "10:32", "10:34", "10:36", "10:38", "10:40", "10:42", "10:44", "10:46", "10:48", "10:50", "10:52", "10:54", "10:56", "10:58"], "queue_lengths": [0, 0, 0, 0, 0, 0, 0, 1, 0, 1, 2, 2, 5, 7, 11, 15, 23, 23, 29, 32, 29, 28, 28, 30, 30, 29, 29, 25, 22, 20, 19, 20, 19, 17, 14, 12, 13, 13, 12, 11, 8, 11, 8, 7, 3, 2, 2, 2, 1, 0, 0, 0, 0, 0, 0, 0, 0, 0, 0, 0], "teller_counts": [8, 8, 8, 8, 8, 8, 8, 8, 8, 8, 8, 8, 8, 8, 8, 8, 8, 8, 8, 8, 8, 8, 8, 8, 8, 8, 8, 8, 8, 8, 8, 8, 8, 8, 8, 8, 8, 8, 8, 8, 8, 8, 8, 8, 8, 8, 8, 8, 8, 8, 8, 8, 8, 8, 8, 8, 8, 8, 8, 8], "anger_levels": [0.0, 0.0, 0.0, 0.0, 0.0, 0.06, 0.029399999999999996, 0.074406, 0.07845893999999999, 0.09844488059999998, 0.10823799149399999, 0.21503661583206, 0.16536794175770939, 0.34503029146127756, 0.229064842816026, 0.37624177297985273, 0.4483584687601278, 0.6036956496924626, 0.7638108683493067, 1.04626732549116, 1.0826709894906683, 1.4065087848504274, 1.5651893045767094, 1.8469427592425873, 1.9850019520288678, 2.256650956494145, 2.551758968682131, 2.942361894654244, 3.013757328380579, 3.0487410909064834, 3.0238831345441763, 3.1737027359266463, 3.2471143406040563, 3.547086026895987, 3.8380721531790334, 4.184655355057727, 4.312481123978285, 4.621115750749359, 4.934346717867186, 4.361829891754921, 3.7932966469599108, 2.938715357010356, 2.7239705249350745, 2.1087455572181866, 1.7052853230369112, 1.5915898082880862, 1.451879006061162, 1.281420712969969, 1.2218961493552847, 1.2707291131840894, 0.6226572654602037, 0.3051020600754998, 0.14950000943699487, 0.07325500462412748, 0.09589495226582245, 0.046988526610253, 0.023024378039023966, 0.011281945239121741, 0.005528153167169652, 0.002708795051913129], "served_counts": [0, 2, 2, 3, 3, 5, 5, 6, 8, 8, 8, 9, 9, 9, 10, 10, 10, 11, 13, 14, 15, 15, 15, 17, 19, 19, 19, 20, 20, 22, 22, 23, 23, 24, 25, 26, 27, 27, 28, 29, 31, 32, 34, 35, 37, 38, 39, 39, 40, 41, 41, 41, 41, 42, 43, 44, 45, 45, 46, 46], "reneged_counts": [0, 0, 0, 0, 0, 0, 0, 0, 1, 1, 2, 3, 3, 4, 9, 11, 12, 17, 19, 19, 25, 27, 30, 31, 33, 35, 37, 40, 43, 43, 45, 45, 46, 48, 50, 51, 53, 53, 54, 54, 55, 55, 56, 57, 59, 59, 59, 59, 59, 59, 59, 59, 59, 59, 59, 59, 59, 59, 59, 59], "wait_times": [0, 0.4500000000000004, 0.4500000000000004, 0.3333333333333311, 0.3333333333333311, 0.799999999999988, 0.799999999999988, 0.9084601771632581, 0.9751902657448945, 0.9815353986173467, 0.9815353986173467, 1.2540071927880976, 1.2540071927880976, 1.2540071927880976, 1.8752422191160516, 1.8752422191160516, 1.8752422191160516, 2.725743059772548, 3.939717918775976, 4.450886299791738, 4.954224655771199, 4.954224655771199, 4.954224655771199, 6.550345678300063, 8.064055173320774, 8.064055173320774, 8.064055173320774, 8.920598930745218, 8.920598930745218, 10.557403694489903, 10.557403694489903, 11.465260144968145, 11.465260144968145, 12.374275772929787, 13.177379460121657, 14.033574946673074, 14.861059019750023, 14.861059019750023, 15.655980066156102, 16.290580271394624, 17.41982984862117, 17.95318960695799, 18.62965390300924, 18.54348646999939, 18.46618203451984, 18.364812913719188, 18.179109476858383, 18.179109476858383, 17.993035977581997, 17.742014083700532, 17.742014083700532, 17.742014083700532, 17.742014083700532, 17.319585176945758, 16.944972880617918, 16.559859860603876, 16.192804787696673, 16.192804787696673, 15.842830435245435, 15.842830435245435], "current_time": "10:58", "current_queue": 0, "current_tellers": 8, "current_anger": 0.002708795051913129, "current_avg_wait": 15.842830435245435, "total_served": 46, "total_reneged": 59, "total_arrivals": 105, "total_labor_cost": 400.0000000000005, "total_wait_time": 728.7702000212901, "teller_hours": 16.00000000000002, "is_running": false, "is_complete": true}