{"system_type": "Dynamic (Ours)", "time_points": ["09:00", "09:02", "09:04", "09:06", "09:08", "09:10", "09:12", "09:14", "09:16", "09:18", "09:20", "09:22", "09:24", "09:26", "09:28", "09:30", "09:32", "09:34", "09:36", "09:38", "09:40", "09:42", "09:44", "09:46", "09:48", "09:50", "09:52", "09:54", "09:56", "09:58", "10:00", "10:02", "10:04", "10:06", "10:08", "10:10", "10:12", "10:14", "10:16", "10:18", "10:20", "10:22", "10:24", "10:26", "10:28", "10:30", "10:32", "10:34", "10:36", "10:38", "10:40", "10:42", "10:44", "10:46", "10:48", "10:50", "10:52", "10:54", "10:56", "10:58"], "queue_lengths": [0, 0, 0, 0, 0, 0, 0, 0, 0, 0, 1, 2, 2, 6, 19, 21, 22, 22, 26, 30, 31, 32, 32, 28, 26, 23, 21, 19, 18, 16, 16, 14, 14, 14, 16, 15, 13, 9, 7, 8, 7, 7, 5, 3, 3, 3, 2, 0, 0, 2, 2, 2, 1, 1, 0, 0, 0, 0, 0, 1], "teller_counts": [3, 3, 3, 3, 3, 3, 3, 3, 3, 3, 3, 3, 3, 4, 5, 6, 7, 8, 9, 10, 11, 12, 13, 14, 15, 16, 17, 18, 19, 20, 21, 21, 21, 21, 22, 23, 23, 22, 22, 22, 21, 21, 21, 20, 20, 20, 19, 19, 19, 18, 18, 18, 17, 17, 17, 16, 16, 16, 15, 15], "anger_levels": [0.0, 0.0, 0.0, 0.0, 0.0, 0.0, 0.0, 0.0, 0.0, 0.0, 0.06, 0.1914, 0.35778599999999994, 0.23531513999999995, 0.17530441859999996, 0.34989916511399993, 0.6394505909058599, 0.8233307895438713, 0.8714320868764969, 0.9970017225694834, 1.1605308440590467, 1.2406601135889328, 1.483923455658577, 1.8071224932727028, 1.9654900217036242, 2.1870901106347755, 2.4996741542110397, 2.712840335563409, 2.96129176442607, 3.1430329645687745, 3.4360861526386994, 3.7836822147929627, 4.158004285248552, 3.5254220997717898, 2.807456828888177, 2.6596538461552064, 2.263230384616051, 2.764982888461865, 3.4968416153463133, 3.5074523915196933, 3.4466516718446494, 2.5888593192038782, 1.9405410664099, 1.766865122540851, 1.5797639100450167, 1.650084315922058, 1.8885413148018082, 1.111385244252886, 0.544578769683914, 0.32684359714511785, 0.4241533626011077, 0.4118351476745427, 0.5077992223605259, 0.7168216189566576, 0.6032425932887622, 0.2955888707114934, 0.14483854664863177, 0.07097088785782957, 0.03477573505033648, 0.07704011017466487], "served_counts": [0, 0, 1, 1, 1, 2, 2, 2, 2, 2, 3, 3, 3, 4, 4, 4, 6, 7, 8, 8, 8, 9, 9, 11, 13, 15, 17, 18, 18, 19, 19, 20, 21, 21, 22, 23, 23, 25, 25, 25, 26, 28, 29, 31, 32, 32, 33, 35, 36, 36, 37, 37, 38, 38, 40, 40, 41, 41, 42, 42], "reneged_counts": [0, 0, 0, 0, 0, 0, 0, 0, 0, 0, 0, 0, 1, 2, 3, 5, 7, 10, 12, 16, 19, 23, 24, 28, 30, 32, 32, 34, 36, 38, 40, 41, 41, 43, 44, 44, 48, 50, 52, 52, 53, 53, 54, 54, 54, 54, 54, 55, 55, 55, 55, 56, 56, 56, 56, 56, 56, 56, 56, 56], "wait_times": [0, 0, 1.7763568394002505e-15, 1.7763568394002505e-15, 1.7763568394002505e-15, 0.047532661865009374, 0.047532661865009374, 0.047532661865009374, 0.047532661865009374, 0.09506532373002408, 0.5553979750942256, 0.5553979750942256, 0.5553979750942256, 2.1580496568156526, 2.1580496568156526, 2.1580496568156526, 4.075344977633197, 4.673143640723923, 5.393126616292711, 5.393126616292711, 5.393126616292711, 6.397557819512879, 6.397557819512879, 8.73704383619026, 10.479764924659218, 11.86442705620312, 13.064729053552123, 13.584299330225317, 13.584299330225317, 14.046162482121177, 14.046162482121177, 14.689960005052445, 15.382607640354697, 15.382607640354697, 16.20696988666717, 16.97695271146611, 16.97695271146611, 18.355283872815274, 18.355283872815274, 18.355283872815274, 19.158130488442914, 20.27863736042686, 20.56079322776739, 20.328067874690365, 20.015030748443916, 20.015030748443916, 19.829155966044016, 18.938682776393232, 18.429569014967402, 18.429569014967402, 18.03331167159098, 18.03331167159098, 17.689291646028476, 17.689291646028476, 16.97544736331455, 16.97544736331455, 16.562377364582396, 16.562377364582396, 16.193396224574617, 16.193396224574617], "current_time": "10:58", "current_queue": 1, "current_tellers": 15, "current_anger": 0.07704011017466487, "current_avg_wait": 16.193396224574617, "total_served": 42, "total_reneged": 56, "total_arrivals": 100, "total_labor_cost": 686.6666666666667, "total_wait_time": 680.1226414321338, "teller_hours": 27.46666666666667, "is_running": false, "is_complete": true}