{"system_type": "Dynamic (Ours)", "time_points": ["09:00", "09:02", "09:04", "09:06", "09:08", "09:10", "09:12", "09:14", "09:16", "09:18", "09:20", "09:22", "09:24", "09:26", "09:28", "09:30", "09:32", "09:34", "09:36", "09:38", "09:40", "09:42", "09:44", "09:46", "09:48", "09:50", "09:52", "09:54", "09:56", "09:58", "10:00", "10:02", "10:04", "10:06", "10:08", "10:10", "10:12", "10:14", "10:16", "10:18", "10:20", "10:22", "10:24", "10:26", "10:28", "10:30", "10:32", "10:34", "10:36", "10:38", "10:40", "10:42", "10:44", "10:46", "10:48", "10:50", "10:52", "10:54", "10:56", "10:58"], "queue_lengths": [0, 0, 0, 0, 0, 0, 0, 1, 0, 1, 2, 1, 0, 4, 6, 8, 9, 22, 22, 22, 22, 21, 21, 20, 19, 17, 18, 19, 18, 19, 20, 17, 16, 14, 11, 9, 8, 9, 8, 8, 7, 7, 5, 6, 7, 5, 4, 3, 3, 2, 3, 2, 4, 3, 2, 2, 2, 2, 1, 2], "teller_counts": [4, 5, 6, 7, 8, 9, 8, 9, 8, 8, 8, 7, 6, 7, 8, 9, 10, 11, 12, 13, 14, 15, 16, 17, 18, 19, 20, 21, 22, 23, 24, 25, 26, 27, 28, 28, 28, 28, 28, 28, 28, 28, 27, 27, 27, 26, 26, 26, 25, 25, 25, 24, 24, 24, 23, 23, 23, 22, 22, 22], "anger_levels": [0.0, 0.0, 0.0, 0.0, 0.0, 0.06, 0.029399999999999996, 0.074406, 0.07845893999999999, 0.09844488059999998, 0.10823799149399999, 0.31703661583206, 0.2993479417577094, 0.2066804914612776, 0.30527344081602603, 0.2935839859998527, 0.4078561531399278, 0.25984951503856457, 0.3913262623688966, 0.6597498685607592, 0.995277435594772, 1.2196859434414382, 1.4736461122863047, 1.5980865950202892, 1.8630624315599413, 2.196900591464371, 2.5644812898175413, 2.8465958320105953, 3.0868319576851913, 3.3065476592657435, 2.802208353040214, 2.6990820929897046, 2.546550225564955, 2.7358096105268275, 3.296546709158145, 3.451307887487491, 3.3231408648688703, 2.7923390237857464, 2.220246121655016, 2.2699205996109577, 2.3182610938093693, 2.3179479359665907, 2.0957944886236293, 1.3929392994255783, 1.1505402567185332, 1.133764725792081, 1.1675447156381196, 1.2860969106626785, 1.5061874862247122, 1.818031868250109, 1.9708356154425535, 1.9497094515668512, 1.2193576312677568, 0.8614852393212007, 0.7281277672673883, 0.7227826059610203, 0.8221634769208999, 0.6668601036912409, 0.6327614508087079, 0.37005311089626686], "served_counts": [0, 0, 1, 1, 1, 3, 3, 4, 6, 6, 6, 7, 9, 10, 11, 13, 14, 14, 14, 16, 18, 18, 19, 20, 20, 21, 21, 22, 22, 23, 24, 26, 26, 26, 27, 29, 30, 31, 31, 31, 32, 33, 35, 35, 35, 37, 37, 38, 38, 39, 39, 40, 40, 42, 44, 44, 45, 46, 47, 48], "reneged_counts": [0, 0, 0, 0, 0, 0, 0, 0, 1, 1, 2, 2, 2, 3, 3, 4, 6, 7, 9, 13, 15, 17, 18, 20, 24, 26, 26, 26, 28, 28, 30, 31, 34, 36, 38, 39, 40, 40, 42, 42, 42, 42, 43, 44, 44, 45, 46, 46, 46, 46, 46, 46, 46, 46, 46, 46, 46, 46, 46, 46], "current_time": "10:58", "current_queue": 2, "current_tellers": 22, "current_anger": 0.37005311089626686, "total_served": 48, "total_reneged": 46, "total_arrivals": 97, "total_labor_cost": 929.1666666666666, "teller_hours": 37.166666666666664, "is_running": false, "is_complete": true}