{"time_points": ["09:00", "09:02", "09:04", "09:06", "09:08", "09:10", "09:12", "09:14", "09:16", "09:18", "09:20", "09:22", "09:24", "09:26", "09:28", "09:30", "09:32", "09:34", "09:36", "09:38", "09:40", "09:42", "09:44", "09:46", "09:48", "09:50", "09:52", "09:54", "09:56", "09:58", "10:00", "10:02", "10:04", "10:06", "10:08", "10:10", "10:12", "10:14", "10:16", "10:18", "10:20", "10:22", "10:24", "10:26", "10:28", "10:30", "10:32", "10:34", "10:36", "10:38", "10:40", "10:42", "10:44", "10:46", "10:48", "10:50", "10:52", "10:54", "10:56", "10:58"], "queue_lengths": [0, 0, 0, 0, 0, 0, 0, 0, 0, 1, 1, 2, 3, 9, 14, 15, 15, 21, 26, 30, 27, 26, 29, 31, 33, 29, 26, 19, 17, 15, 14, 11, 10, 12, 12, 12, 10, 8, 7, 7, 8, 5, 4, 5, 4, 5, 5, 4, 2, 3, 1, 0, 0, 0, 0, 0, 0, 0, 0, 0], "teller_counts": [8, 8, 8, 8, 8, 8, 8, 8, 8, 8, 8, 8, 8, 8, 8, 8, 8, 8, 8, 8, 8, 8, 8, 8, 8, 8, 8, 8, 8, 8, 8, 8, 8, 8, 8, 8, 8, 8, 8, 8, 8, 8, 8, 8, 8, 8, 8, 8, 8, 8, 8, 8, 8, 8, 8, 8, 8, 8, 8, 8], "anger_levels": [0.0, 0.0, 0.0, 0.0, 0.0, 0.0, 0.0, 0.0, 0.0, 0.06, 0.1314, 0.12438599999999998, 0.16294914, 0.13984507859999998, 0.27252408851399995, 0.3975368033718599, 0.6027930336522114, 0.7633685864895835, 0.6380506073798958, 0.7806447976161488, 1.0125159508319128, 1.2101328159076372, 1.4689650797947422, 1.5957928890994235, 1.6579385156587174, 1.7303898726727716, 1.9278910376096579, 2.246666608428732, 2.6488666381300785, 2.8279446526837377, 3.0176928798150313, 3.3146695111093654, 3.664188060443589, 3.793452149617358, 3.718791553312505, 3.106207861123128, 2.806041851950332, 2.5569605074556625, 2.6389106486532743, 2.577066217840104, 2.606762446741651, 2.6033135989034086, 2.31962366346267, 1.808615595096708, 1.6002216415973867, 1.2521086043827192, 1.1235332161475324, 1.1625312759122908, 1.2836403251970223, 1.3009837593465408, 1.0274820420798048, 0.6714662006191043, 0.3290184383033611, 0.1612190347686469, 0.07899732703663698, 0.038708690247952114, 0.018967258221496534, 0.009293956528533301, 0.004554038698981317, 0.0022314789625008454], "arrival_rates": [20.0, 20.0, 20.0, 20.0, 20.0, 20.0, 20.0, 20.0, 20.0, 20.0, 50.0, 50.0, 50.0, 200.0, 200.0, 200.0, 200.0, 200.0, 200.0, 200.0, 100.0, 100.0, 100.0, 100.0, 100.0, 30.0, 30.0, 30.0, 30.0, 30.0, 30.0, 30.0, 30.0, 30.0, 30.0, 30.0, 30.0, 30.0, 30.0, 30.0, 15.0, 15.0, 15.0, 15.0, 15.0, 15.0, 15.0, 15.0, 15.0, 15.0, 15.0, 15.0, 15.0, 15.0, 15.0, 15.0, 15.0, 15.0, 15.0, 15.0], "decisions": ["FIXED", "FIXED", "FIXED", "FIXED", "FIXED", "FIXED", "FIXED", "FIXED", "FIXED", "FIXED", "FIXED", "FIXED", "FIXED", "FIXED", "FIXED", "FIXED", "FIXED", "FIXED", "FIXED", "FIXED", "FIXED", "FIXED", "FIXED", "FIXED", "FIXED", "FIXED", "FIXED", "FIXED", "FIXED", "FIXED", "FIXED", "FIXED", "FIXED", "FIXED", "FIXED", "FIXED", "FIXED", "FIXED", "FIXED", "FIXED", "FIXED", "FIXED", "FIXED", "FIXED", "FIXED", "FIXED", "FIXED", "FIXED", "FIXED", "FIXED", "FIXED", "FIXED", "FIXED", "FIXED", "FIXED", "FIXED", "FIXED", "FIXED", "FIXED", "FIXED"], "logs": ["\ud83d\udcca TRADITIONAL: Fixed 8 tellers", "Running: Flash Mob Scenario", "\u2705 TRADITIONAL Complete! Served: 38, Reneged: 63"], "current_time": "10:58", "current_queue": 0, "current_tellers": 8, "current_anger": 0.0022314789625008454, "total_served": 38, "total_reneged": 63, "total_arrivals": 101, "total_labor_cost": 400.0000000000005, "cost_per_teller_hour": 25.0, "teller_hours": 16.00000000000002, "is_running": false, "is_complete": true}