Scenario,Trad Served %,MPC Served %,RL Served %,HYBRID Served %,Trad Renege %,MPC Renege %,RL Renege %,HYBRID Renege %,Trad Cost,MPC Cost,RL Cost,HYBRID Cost
FLASH_MOB,35.294117647058826,36.898395721925134,24.598930481283425,31.016042780748666,64.1711229946524,63.101604278074866,74.33155080213903,67.9144385026738,3933.5,4050.0,4421.0,4109.5
LUNCH_RUSH,33.33333333333333,40.562248995983936,24.899598393574294,29.31726907630522,65.46184738955823,59.43775100401606,74.29718875502009,70.28112449799197,5441.0,5172.0,5896.0,5665.0
STRESS_TEST,22.162162162162165,21.891891891891895,14.324324324324325,21.62162162162162,72.70270270270271,72.97297297297297,79.72972972972973,73.51351351351352,8813.5,9163.5,9412.5,8962.0
